20001313,mohamed,mohamed@gmail.com,eng,mohamed
20001314,omar,omar@gmail.com,eng,omar
20001315,abdullah,abdullah@gmail.com,eng,abdullah
20001316,amr,amr@gmail.com,eng,amr
20001317,khaled,khaled@gmail.com,eng,khaled
20001318,saeed,saeed@gmail.com,eng,saeed
20001319,tamer,tamer@gmail.com,eng,tamer
20001320,ramy,ramy@gmail.com,eng,ramy
20001321,youssef,youssef@gmail.com,eng,youssef
20001322,mahmoud,mahmoud@gmail.com,eng,mahmoud
20001323,adel,adel@gmail.com,eng,adel
20001324,hesham,hesham@gmail.com,eng,hesham
20001325,sameh,sameh@gmail.com,eng,sameh
20001326,ahmad,ahmad@gmail.com,eng,ahmad
20001327,nader,nader@gmail.com,eng,nader
20001328,ashraf,ashraf@gmail.com,eng,ashraf
20001329,hassan,hassan@gmail.com,eng,hassan
20001330,fady,fady@gmail.com,eng,fady
20001331,mostafa2,mostafa2@gmail.com,eng,mostafa2
20001332,mustafa,mustafa@gmail.com,eng,mustafa
